[{"key":"16-transports-de-fonds-et-de-valeurs","idcc":"16","nom":"Transports de fonds et de valeurs","brochure":"3085","nb_sections":5},{"key":"16-transports-routiers","idcc":"16","nom":"Transports routiers","brochure":"3085","nb_sections":26},{"key":"18-textiles-industries","idcc":"18","nom":"Textiles : industries","brochure":"3106","nb_sections":27},{"key":"29-hospitalisation-privee-a-but-non-lucratif","idcc":"29","nom":"Hospitalisation privée à but non lucratif","brochure":"3198","nb_sections":24},{"key":"43-import-export","idcc":"43","nom":"Import-export","brochure":"3100","nb_sections":25},{"key":"44-chimie-industries","idcc":"44","nom":"Chimie : industries","brochure":"3108","nb_sections":29},{"key":"45-caoutchouc","idcc":"45","nom":"Caoutchouc","brochure":"3046","nb_sections":28},{"key":"54-metallurgie-region-parisienne","idcc":"54","nom":"Métallurgie : Région parisienne","brochure":"3126","nb_sections":10},{"key":"86-publicite","idcc":"86","nom":"Publicité","brochure":"3073","nb_sections":3},{"key":"112-lait-industries","idcc":"112","nom":"Lait : industries","brochure":"3124","nb_sections":26},{"key":"158-bois-et-scieries","idcc":"158","nom":"Bois et scieries","brochure":"3041","nb_sections":27},{"key":"172-bois-de-pin-maritime-en-foret-de-gascogne","idcc":"172","nom":"Bois de pin maritime en forêt de Gascogne","brochure":"-","nb_sections":1},{"key":"176-pharmacie-industrie","idcc":"176","nom":"Pharmacie : industrie","brochure":"3104","nb_sections":30},{"key":"184-imprimeries-de-labeur-et-industries-graphiques","idcc":"184","nom":"Imprimeries de labeur et industries graphiques","brochure":"3138","nb_sections":25},{"key":"200-exploitations-frigorifiques","idcc":"200","nom":"Exploitations frigorifiques","brochure":"3178","nb_sections":28},{"key":"207-cuirs-et-peaux-industries","idcc":"207","nom":"Cuirs et peaux : industries","brochure":"3058","nb_sections":0},{"key":"247-habillement-industrie","idcc":"247","nom":"Habillement : industrie","brochure":"3098","nb_sections":22},{"key":"275-transport-aerien-personnel-au-sol","idcc":"275","nom":"Transport aérien : personnel au sol","brochure":"3177","nb_sections":24},{"key":"292-plasturgie","idcc":"292","nom":"Plasturgie","brochure":"3066","nb_sections":26},{"key":"303-couture-parisienne","idcc":"303","nom":"Couture parisienne","brochure":"3185","nb_sections":26},{"key":"354-ganterie-de-peau","idcc":"354","nom":"Ganterie de peau","brochure":"3139","nb_sections":1},{"key":"405-medico-sociaux-etablissements","idcc":"405","nom":"Médico-sociaux : établissements","brochure":"-","nb_sections":29},{"key":"413-handicapes-etablissements-et-services-medecins","idcc":"413","nom":"Handicapés : établissements et services ; médecins spécialisés","brochure":"3116","nb_sections":27},{"key":"454-remontees-mecaniques","idcc":"454","nom":"Remontées mécaniques","brochure":"3122","nb_sections":24},{"key":"468-chaussure-commerce-succursaliste","idcc":"468","nom":"Chaussure : commerce succursaliste","brochure":"3120","nb_sections":21},{"key":"478-societes-financieres","idcc":"478","nom":"Sociétés financières","brochure":"3059","nb_sections":14},{"key":"489-cartonnage-industries","idcc":"489","nom":"Cartonnage : industries","brochure":"3135","nb_sections":29},{"key":"490-commerces-de-detail-alimentaires-et-non","idcc":"490","nom":"Commerces de détail alimentaires et non alimentaires : Vosges","brochure":"-","nb_sections":18},{"key":"493-vins-cidres-jus-de-fruits","idcc":"493","nom":"Vins, cidres, jus de fruits","brochure":"3029","nb_sections":5},{"key":"500-habillement-mercerie-chaussure-et-jouet-commerces","idcc":"500","nom":"Habillement, mercerie, chaussure et jouet : commerces de gros","brochure":"3148","nb_sections":21},{"key":"538-manutention-ferroviaire-et-travaux-connexes","idcc":"538","nom":"Manutention ferroviaire et travaux connexes","brochure":"3170","nb_sections":26},{"key":"573-commerces-de-gros","idcc":"573","nom":"Commerces de gros","brochure":"3044","nb_sections":28},{"key":"575-restauration-ferroviaire","idcc":"575","nom":"Restauration ferroviaire","brochure":"3003","nb_sections":15},{"key":"601-hotels-cafes-restaurants-alpes-de-haute-provence","idcc":"601","nom":"Hôtels, cafés, restaurants : Alpes-de-Haute-Provence","brochure":"-","nb_sections":16},{"key":"614-serigraphie-industrie","idcc":"614","nom":"Sérigraphie : industrie","brochure":"3137","nb_sections":0},{"key":"637-recuperation-industries-et-commerces","idcc":"637","nom":"Récupération : industries et commerces","brochure":"3228","nb_sections":28},{"key":"653-assurances-salaries-commerciaux-des-societes","idcc":"653","nom":"Assurances : salariés commerciaux des sociétés","brochure":"-","nb_sections":23},{"key":"669-verre-fabrication-mecanique","idcc":"669","nom":"Verre : fabrication mécanique","brochure":"3079","nb_sections":28},{"key":"675-habillement-maisons-a-succursales-de-vente-au","idcc":"675","nom":"Habillement : maisons à succursales de vente au détail","brochure":"3065","nb_sections":25},{"key":"711-commerces-de-detail-non-alimentaires-lyon","idcc":"711","nom":"Commerces de détail non alimentaires : Lyon","brochure":"-","nb_sections":18},{"key":"714-metallurgie-moselle","idcc":"714","nom":"Métallurgie : Moselle","brochure":"-","nb_sections":7},{"key":"715-instruments-a-ecrire-et-industries-connexes","idcc":"715","nom":"Instruments à écrire et industries connexes","brochure":"3171","nb_sections":1},{"key":"733-chaussures-detaillants","idcc":"733","nom":"Chaussures : détaillants","brochure":"3008","nb_sections":12},{"key":"759-pompes-funebres","idcc":"759","nom":"Pompes funèbres","brochure":"3269","nb_sections":27},{"key":"779-voies-ferrees-d-interet-local","idcc":"779","nom":"Voies ferrées d'intérêt local","brochure":"3022","nb_sections":1},{"key":"783-centres-hebergement-et-readaptation-sociale","idcc":"783","nom":"Centres : hébergement et réadaptation sociale","brochure":"-","nb_sections":29},{"key":"787-experts-comptables-et-commissaires-aux-comptes","idcc":"787","nom":"Experts-comptables et commissaires aux comptes","brochure":"3020","nb_sections":26},{"key":"800-hotels","idcc":"800","nom":"Hôtels","brochure":"3003","nb_sections":17},{"key":"814-commerces-de-detail-non-alimentaires-meurthe-et","idcc":"814","nom":"Commerces de détail non alimentaires : Meurthe-et-Moselle","brochure":"-","nb_sections":19},{"key":"822-metallurgie-savoie","idcc":"822","nom":"Métallurgie : Savoie","brochure":"-","nb_sections":7},{"key":"827-metallurgie-ardennes","idcc":"827","nom":"Métallurgie : Ardennes","brochure":"-","nb_sections":5},{"key":"828-metallurgie-manche","idcc":"828","nom":"Métallurgie : Manche","brochure":"-","nb_sections":6},{"key":"829-metallurgie-vaucluse","idcc":"829","nom":"Métallurgie : Vaucluse","brochure":"-","nb_sections":5},{"key":"836-metallurgie-savoie-haute","idcc":"836","nom":"Métallurgie : Savoie (Haute-)","brochure":"-","nb_sections":10},{"key":"843-boulangerie-patisserie-entreprises-artisanales","idcc":"843","nom":"Boulangerie-pâtisserie : entreprises artisanales","brochure":"3117","nb_sections":28},{"key":"860-metallurgie-finistere","idcc":"860","nom":"Métallurgie : Finistère","brochure":"-","nb_sections":8},{"key":"863-metallurgie-ille-et-vilaine-morbihan","idcc":"863","nom":"Métallurgie : Ille-et-Vilaine - Morbihan","brochure":"-","nb_sections":9},{"key":"878-metallurgie-rhone","idcc":"878","nom":"Métallurgie : Rhône","brochure":"-","nb_sections":8},{"key":"887-metallurgie-eure","idcc":"887","nom":"Métallurgie : Eure","brochure":"-","nb_sections":9},{"key":"894-commerces-de-detail-non-alimentaires-rennes","idcc":"894","nom":"Commerces de détail non alimentaires : Rennes","brochure":"-","nb_sections":14},{"key":"897-sante-au-travail-services-interentreprises","idcc":"897","nom":"Santé au travail : services interentreprises","brochure":"3031","nb_sections":22},{"key":"898-metallurgie-allier","idcc":"898","nom":"Métallurgie : Allier","brochure":"-","nb_sections":4},{"key":"899-metallurgie-marne","idcc":"899","nom":"Métallurgie : Marne","brochure":"-","nb_sections":9},{"key":"911-metallurgie-seine-et-marne","idcc":"911","nom":"Métallurgie : Seine-et-Marne","brochure":"-","nb_sections":8},{"key":"914-metallurgie-ain","idcc":"914","nom":"Métallurgie : Ain","brochure":"-","nb_sections":4},{"key":"915-expertises-et-evaluations","idcc":"915","nom":"Expertises et évaluations","brochure":"3145","nb_sections":22},{"key":"923-metallurgie-charente-maritime","idcc":"923","nom":"Métallurgie : Charente-Maritime","brochure":"-","nb_sections":4},{"key":"930-metallurgie-sarthe","idcc":"930","nom":"Métallurgie : Sarthe","brochure":"-","nb_sections":3},{"key":"934-metallurgie-indre","idcc":"934","nom":"Métallurgie : Indre","brochure":"-","nb_sections":7},{"key":"937-metallurgie-vienne-haute-et-creuse","idcc":"937","nom":"Métallurgie : Vienne (Haute-) et Creuse","brochure":"-","nb_sections":6},{"key":"943-metallurgie-calvados","idcc":"943","nom":"Métallurgie : Calvados","brochure":"-","nb_sections":6},{"key":"948-metallurgie-orne","idcc":"948","nom":"Métallurgie : Orne","brochure":"-","nb_sections":4},{"key":"953-charcuterie-de-detail","idcc":"953","nom":"Charcuterie de détail","brochure":"3133","nb_sections":9},{"key":"959-laboratoires-de-biologie-medicale","idcc":"959","nom":"Laboratoires de biologie médicale extrahospitaliers","brochure":"3114","nb_sections":29},{"key":"965-metallurgie-var","idcc":"965","nom":"Métallurgie : Var","brochure":"-","nb_sections":7},{"key":"979-metallurgie-havre-arrondissement-du","idcc":"979","nom":"Métallurgie : Havre (arrondissement du)","brochure":"-","nb_sections":8},{"key":"984-metallurgie-eure-et-loir","idcc":"984","nom":"Métallurgie : Eure-et-Loir","brochure":"-","nb_sections":7},{"key":"993-dentaires-prothesistes-et-laboratoires-de","idcc":"993","nom":"Dentaires : prothésistes et laboratoires de prothèse dentaire","brochure":"3254","nb_sections":25},{"key":"1007-metallurgie-thiers-region-de","idcc":"1007","nom":"Métallurgie : Thiers (région de)","brochure":"-","nb_sections":8},{"key":"1017-hotels-cafes-restaurants-bouches-du-rhone","idcc":"1017","nom":"Hôtels, cafés, restaurants : Bouches-du-Rhône","brochure":"-","nb_sections":16},{"key":"1030-hotels-cafes-restaurants-seine-maritime","idcc":"1030","nom":"Hôtels, cafés, restaurants : Seine-Maritime","brochure":"-","nb_sections":19},{"key":"1031-familles-rurales","idcc":"1031","nom":"Familles rurales","brochure":"-","nb_sections":30},{"key":"1042-commerces-de-detail-alimentaires-et-non","idcc":"1042","nom":"Commerces de détail alimentaires et non alimentaires : Loiret","brochure":"-","nb_sections":15},{"key":"1043-gardiens-concierges-et-employes-d-immeubles","idcc":"1043","nom":"Gardiens, concierges et employés d'immeubles","brochure":"3144","nb_sections":26},{"key":"1059-metallurgie-midi-pyrenees","idcc":"1059","nom":"Métallurgie : Midi-Pyrénées","brochure":"-","nb_sections":8},{"key":"1060-metallurgie-martinique","idcc":"1060","nom":"Métallurgie : Martinique","brochure":"-","nb_sections":21},{"key":"1075-hotels-cafes-restaurants-meurthe-et-moselle","idcc":"1075","nom":"Hôtels, cafés, restaurants : Meurthe-et-Moselle","brochure":"-","nb_sections":23},{"key":"1077-produits-du-sol-negoce-et-industrie","idcc":"1077","nom":"Produits du sol : négoce et industrie","brochure":"3165","nb_sections":27},{"key":"1090-automobile","idcc":"1090","nom":"Automobile","brochure":"3034","nb_sections":30},{"key":"1147-cabinets-medicaux","idcc":"1147","nom":"Cabinets médicaux","brochure":"3168","nb_sections":23},{"key":"1159-metallurgie-nievre","idcc":"1159","nom":"Métallurgie : Nièvre","brochure":"-","nb_sections":10},{"key":"1170-tuiles-et-briques-industrie","idcc":"1170","nom":"Tuiles et briques : industrie","brochure":"3086","nb_sections":29},{"key":"1182-ports-de-plaisance","idcc":"1182","nom":"Ports de plaisance","brochure":"3183","nb_sections":28},{"key":"1202-commerces-de-detail-non-alimentaires-maine-et","idcc":"1202","nom":"Commerces de détail non alimentaires : Maine-et-Loire","brochure":"-","nb_sections":20},{"key":"1237-centres-de-gestion-agrees","idcc":"1237","nom":"Centres de gestion agréés","brochure":"3220","nb_sections":1},{"key":"1240-commerces-de-detail-non-alimentaires-ain","idcc":"1240","nom":"Commerces de détail non alimentaires : Ain","brochure":"-","nb_sections":18},{"key":"1247-auto-moto-de-la-reunion","idcc":"1247","nom":"Auto moto de la Réunion","brochure":"-","nb_sections":22},{"key":"1260-hotels-cafes-restaurants-var","idcc":"1260","nom":"Hôtels, cafés, restaurants : Var","brochure":"-","nb_sections":13},{"key":"1261-sociaux-et-socioculturels-centres-et-autres","idcc":"1261","nom":"Sociaux et socioculturels (centres) et autres acteurs du lien social (associations)","brochure":"3218","nb_sections":28},{"key":"1266-restaurants-chaines","idcc":"1266","nom":"Restaurants : chaînes","brochure":"3225","nb_sections":26},{"key":"1267-patisserie","idcc":"1267","nom":"Pâtisserie","brochure":"3215","nb_sections":24},{"key":"1274-metallurgie-correze","idcc":"1274","nom":"Métallurgie : Corrèze","brochure":"-","nb_sections":8},{"key":"1276-commerces-de-detail-non-alimentaires-finistere","idcc":"1276","nom":"Commerces de détail non alimentaires : Finistère","brochure":"-","nb_sections":16},{"key":"1285-artistique-entreprises-artistiques-et-culturelles","idcc":"1285","nom":"Artistique : entreprises artistiques et culturelles","brochure":"3226","nb_sections":27},{"key":"1286-confiserie-chocolaterie-biscuiterie-detaillants","idcc":"1286","nom":"Confiserie, chocolaterie, biscuiterie : détaillants, détaillants-fabricants","brochure":"3224","nb_sections":28},{"key":"1298-commerces-de-detail-alimentaires-et-non","idcc":"1298","nom":"Commerces de détail alimentaires et non alimentaires : Cambrai","brochure":"-","nb_sections":20},{"key":"1307-cinema-exploitation","idcc":"1307","nom":"Cinéma : exploitation","brochure":"3097","nb_sections":26},{"key":"1311-restauration-de-collectivites","idcc":"1311","nom":"Restauration de collectivités","brochure":"3227","nb_sections":23},{"key":"1314-alimentation-gerants-mandataires-non-salaries","idcc":"1314","nom":"Alimentation : gérants mandataires non salariés","brochure":"3007","nb_sections":15},{"key":"1315-metallurgie-marne-haute-et-meuse","idcc":"1315","nom":"Métallurgie : Marne (Haute-) et Meuse","brochure":"-","nb_sections":10},{"key":"1325-cooperatives-de-consommation-gerants-non-salaries","idcc":"1325","nom":"Coopératives de consommation : gérants non salariés","brochure":"3013","nb_sections":13},{"key":"1341-alimentation-industries-agroalimentaires-de-la","idcc":"1341","nom":"Alimentation : industries agroalimentaires de la Réunion","brochure":"-","nb_sections":17},{"key":"1343-commerces-de-detail-non-alimentaires-morbihan","idcc":"1343","nom":"Commerces de détail non alimentaires : Morbihan","brochure":"-","nb_sections":21},{"key":"1351-prevention-et-securite","idcc":"1351","nom":"Prévention et sécurité","brochure":"3196","nb_sections":24},{"key":"1353-metallurgie-dordogne","idcc":"1353","nom":"Métallurgie : Dordogne","brochure":"-","nb_sections":7},{"key":"1365-metallurgie-meurthe-et-moselle","idcc":"1365","nom":"Métallurgie : Meurthe-et-Moselle","brochure":"-","nb_sections":9},{"key":"1369-metallurgie-loire-atlantique","idcc":"1369","nom":"Métallurgie : Loire-Atlantique","brochure":"-","nb_sections":3},{"key":"1370-hotels-de-tourisme-trois-quatre-quatre-etoiles","idcc":"1370","nom":"Hôtels de tourisme : trois, quatre, quatre étoiles luxe (Région parisienne)","brochure":"3231","nb_sections":7},{"key":"1384-champagne","idcc":"1384","nom":"Champagne","brochure":"-","nb_sections":1},{"key":"1385-commerces-de-detail-non-alimentaires-ardennes","idcc":"1385","nom":"Commerces de détail non alimentaires : Ardennes","brochure":"-","nb_sections":18},{"key":"1387-metallurgie-flandres-douaisis","idcc":"1387","nom":"Métallurgie : Flandres-Douaisis","brochure":"-","nb_sections":6},{"key":"1388-petrole-industrie","idcc":"1388","nom":"Pétrole : industrie","brochure":"3001","nb_sections":27},{"key":"1391-aeroports-region-parisienne","idcc":"1391","nom":"Aéroports : région parisienne","brochure":"3234","nb_sections":1},{"key":"1394-commerces-de-detail-non-alimentaires-tarn","idcc":"1394","nom":"Commerces de détail non alimentaires : Tarn","brochure":"-","nb_sections":22},{"key":"1396-produits-alimentaires-elabores-industries","idcc":"1396","nom":"Produits alimentaires élaborés : industries","brochure":"3127","nb_sections":27},{"key":"1404-materiels-agricoles-de-btp-et-de-manutention","idcc":"1404","nom":"Matériels agricoles, de BTP et de manutention : maintenance, distribution et location","brochure":"3131","nb_sections":30},{"key":"1405-fruits-et-legumes-entreprises-d-expedition-et-d","idcc":"1405","nom":"Fruits et légumes : entreprises d'expédition et d'exportation","brochure":"3233","nb_sections":25},{"key":"1406-commerces-de-detail-non-alimentaires-gironde","idcc":"1406","nom":"Commerces de détail non alimentaires : Gironde","brochure":"-","nb_sections":20},{"key":"1408-combustibles-negoce-et-distribution","idcc":"1408","nom":"Combustibles : négoce et distribution","brochure":"3004","nb_sections":26},{"key":"1408-energies-de-proximite-distribution-logistique-et","idcc":"1408","nom":"Énergies de proximité : distribution, logistique et services","brochure":"3004","nb_sections":4},{"key":"1411-ameublement-fabrication","idcc":"1411","nom":"Ameublement : fabrication","brochure":"3155","nb_sections":30},{"key":"1412-aeraulique-thermique-et-frigorifique","idcc":"1412","nom":"Aéraulique, thermique et frigorifique","brochure":"3023","nb_sections":30},{"key":"1413-travail-temporaire-salaries-permanents","idcc":"1413","nom":"Travail temporaire : salariés permanents","brochure":"3212","nb_sections":25},{"key":"1415-commerces-de-detail-non-alimentaires-loire","idcc":"1415","nom":"Commerces de détail non alimentaires : Loire","brochure":"-","nb_sections":16},{"key":"1420-institutions-d-assurance-chomage","idcc":"1420","nom":"Institutions d'assurance chômage","brochure":"-","nb_sections":27},{"key":"1424-transports-publics-urbains-reseaux-de-voyageurs","idcc":"1424","nom":"Transports publics urbains : réseaux de voyageurs","brochure":"3099","nb_sections":27},{"key":"1431-optique-lunetterie-de-detail","idcc":"1431","nom":"Optique - lunetterie de détail","brochure":"3084","nb_sections":23},{"key":"1472-metallurgie-pas-de-calais","idcc":"1472","nom":"Métallurgie : Pas-de-Calais","brochure":"-","nb_sections":5},{"key":"1480-journalistes","idcc":"1480","nom":"Journalistes","brochure":"3136","nb_sections":28},{"key":"1483-habillement-et-articles-textiles-commerce-de","idcc":"1483","nom":"Habillement et articles textiles : commerce de détail","brochure":"3241","nb_sections":27},{"key":"1486-bureaux-d-etudes-techniques","idcc":"1486","nom":"Bureaux d'études techniques","brochure":"3018","nb_sections":31},{"key":"1487-horlogerie-bijouterie-commerce-de-detail","idcc":"1487","nom":"Horlogerie, bijouterie : commerce de détail","brochure":"3240","nb_sections":28},{"key":"1499-miroiterie-transformation-et-negoce-du-verre","idcc":"1499","nom":"Miroiterie - transformation et négoce du verre","brochure":"3050","nb_sections":25},{"key":"1501-restauration-rapide","idcc":"1501","nom":"Restauration rapide","brochure":"3245","nb_sections":26},{"key":"1504-poissonnerie","idcc":"1504","nom":"Poissonnerie","brochure":"3243","nb_sections":1},{"key":"1505-commerce-de-detail-alimentaire-non-specialise","idcc":"1505","nom":"Commerce de détail alimentaire non spécialisé","brochure":"3244","nb_sections":27},{"key":"1512-promotion-immobiliere","idcc":"1512","nom":"Promotion immobilière","brochure":"3248","nb_sections":26},{"key":"1513-eaux-embouteillees-boissons-sans-alcool-bieres","idcc":"1513","nom":"Eaux embouteillées, boissons sans alcool, bières : production","brochure":"3247","nb_sections":29},{"key":"1516-formation-organismes","idcc":"1516","nom":"Formation : organismes","brochure":"3249","nb_sections":28},{"key":"1517-commerces-de-detail-non-alimentaires-convention","idcc":"1517","nom":"Commerces de détail non alimentaires : convention collective nationale","brochure":"3251","nb_sections":28},{"key":"1525-metallurgie-dunkerque-region-de","idcc":"1525","nom":"Métallurgie : Dunkerque (région de)","brochure":"-","nb_sections":9},{"key":"1527-immobilier","idcc":"1527","nom":"Immobilier","brochure":"3090","nb_sections":27},{"key":"1534-viandes-industries-et-commerce-en-gros","idcc":"1534","nom":"Viandes : industries et commerce en gros","brochure":"3179","nb_sections":26},{"key":"1536-boissons-distributeurs-conseils-hors-domicile","idcc":"1536","nom":"Boissons : distributeurs conseils hors domicile","brochure":"3121","nb_sections":27},{"key":"1539-bureau-et-numerique-entreprises-commerces-et","idcc":"1539","nom":"Bureau et numérique (entreprises) : commerces et services","brochure":"3252","nb_sections":24},{"key":"1543-boyauderie","idcc":"1543","nom":"Boyauderie","brochure":"3253","nb_sections":0},{"key":"1555-pharmacie-parapharmacie-produits-veterinaires","idcc":"1555","nom":"Pharmacie, parapharmacie, produits vétérinaires : fabrication et commerce","brochure":"3063","nb_sections":19},{"key":"1557-sport-commerce-des-articles-de-sport-et","idcc":"1557","nom":"Sport : commerce des articles de sport et équipements de loisirs","brochure":"3049","nb_sections":25},{"key":"1558-ceramiques-de-france-industries","idcc":"1558","nom":"Céramiques de France : industries","brochure":"3238","nb_sections":26},{"key":"1560-metallurgie-alpes-maritimes","idcc":"1560","nom":"Métallurgie : Alpes-Maritimes","brochure":"-","nb_sections":7},{"key":"1561-cordonnerie-multiservice","idcc":"1561","nom":"Cordonnerie multiservice","brochure":"3015","nb_sections":1},{"key":"1564-metallurgie-saone-et-loire","idcc":"1564","nom":"Métallurgie : Saône-et-Loire","brochure":"-","nb_sections":8},{"key":"1572-metallurgie-charente","idcc":"1572","nom":"Métallurgie : Charente","brochure":"-","nb_sections":9},{"key":"1576-metallurgie-cher","idcc":"1576","nom":"Métallurgie : Cher","brochure":"-","nb_sections":5},{"key":"1577-metallurgie-herault-aude-et-pyrenees-orientales","idcc":"1577","nom":"Métallurgie : Hérault, Aude et Pyrénées-Orientales","brochure":"-","nb_sections":9},{"key":"1578-metallurgie-loire-et-arrondissement-d-yssingeaux","idcc":"1578","nom":"Métallurgie : Loire et arrondissement d'Yssingeaux","brochure":"-","nb_sections":9},{"key":"1580-chaussure-et-articles-chaussants-industrie","idcc":"1580","nom":"Chaussure et articles chaussants : industrie","brochure":"3163","nb_sections":22},{"key":"1586-charcuterie-industries","idcc":"1586","nom":"Charcuterie : industries","brochure":"3125","nb_sections":26},{"key":"1589-mareyeurs-expediteurs","idcc":"1589","nom":"Mareyeurs-expéditeurs","brochure":"3256","nb_sections":25},{"key":"1592-metallurgie-valenciennes-et-cambrai","idcc":"1592","nom":"Métallurgie : Valenciennes et Cambrai","brochure":"-","nb_sections":7},{"key":"1604-metallurgie-rouen-et-dieppe","idcc":"1604","nom":"Métallurgie : Rouen et Dieppe","brochure":"-","nb_sections":7},{"key":"1605-desinfection-desinsectisation-deratisation","idcc":"1605","nom":"Désinfection, désinsectisation, dératisation","brochure":"3260","nb_sections":24},{"key":"1606-bricolage","idcc":"1606","nom":"Bricolage","brochure":"3232","nb_sections":28},{"key":"1607-jeux-jouets-articles-de-fetes","idcc":"1607","nom":"Jeux, jouets, articles de fêtes","brochure":"3130","nb_sections":28},{"key":"1611-logistique-de-communication-ecrite-directe","idcc":"1611","nom":"Logistique de communication écrite directe","brochure":"3261","nb_sections":26},{"key":"1618-camping-industries","idcc":"1618","nom":"Camping : industries","brochure":"3176","nb_sections":1},{"key":"1619-dentaires-cabinets","idcc":"1619","nom":"Dentaires : cabinets","brochure":"3255","nb_sections":27},{"key":"1621-pharmacie-repartition-pharmaceutique","idcc":"1621","nom":"Pharmacie : répartition pharmaceutique","brochure":"3262","nb_sections":30},{"key":"1626-metallurgie-pyrenees-hautes","idcc":"1626","nom":"Métallurgie : Pyrénées (Hautes-)","brochure":"-","nb_sections":7},{"key":"1627-metallurgie-puy-de-dome-et-clermont-ferrand","idcc":"1627","nom":"Métallurgie : Puy-de-Dôme et Clermont-Ferrand","brochure":"-","nb_sections":3},{"key":"1628-metallurgie-sevres-deux","idcc":"1628","nom":"Métallurgie : Sèvres (Deux-)","brochure":"-","nb_sections":4},{"key":"1631-hotellerie-de-plein-air","idcc":"1631","nom":"Hôtellerie de plein air","brochure":"3271","nb_sections":30},{"key":"1634-metallurgie-cotes-d-armor","idcc":"1634","nom":"Métallurgie : Côtes-d'Armor","brochure":"-","nb_sections":4},{"key":"1635-metallurgie-gironde-landes","idcc":"1635","nom":"Métallurgie : Gironde-Landes","brochure":"-","nb_sections":10},{"key":"1659-lin-rouissage-teillage","idcc":"1659","nom":"Lin : rouissage-teillage","brochure":"3264","nb_sections":27},{"key":"1671-maisons-d-etudiants","idcc":"1671","nom":"Maisons d'étudiants","brochure":"3266","nb_sections":25},{"key":"1672-assurances-societes","idcc":"1672","nom":"Assurances : sociétés","brochure":"3265","nb_sections":28},{"key":"1679-assurances-inspection","idcc":"1679","nom":"Assurances : inspection","brochure":"3267","nb_sections":21},{"key":"1686-electronique-audio-visuel-equipement-menager","idcc":"1686","nom":"Électronique, audio-visuel, équipement ménager : commerces et services","brochure":"3076","nb_sections":27},{"key":"1702-travaux-publics-ouvriers","idcc":"1702","nom":"Travaux publics : ouvriers","brochure":"3005","nb_sections":26},{"key":"1732-metallurgie-yonne","idcc":"1732","nom":"Métallurgie : Yonne","brochure":"-","nb_sections":6},{"key":"1734-artistes-interpretes-emissions-de-television","idcc":"1734","nom":"Artistes interprètes : émissions de télévision","brochure":"3278","nb_sections":0},{"key":"1760-jardineries-et-graineteries","idcc":"1760","nom":"Jardineries et graineteries","brochure":"3272","nb_sections":27},{"key":"1790-espaces-de-loisirs-d-attractions-et-culturels","idcc":"1790","nom":"Espaces de loisirs, d'attractions et culturels","brochure":"3275","nb_sections":26},{"key":"1794-institutions-de-retraite-complementaire-et-de","idcc":"1794","nom":"Institutions de retraite complémentaire et de prévoyance","brochure":"3276","nb_sections":27},{"key":"1801-assistance","idcc":"1801","nom":"Assistance","brochure":"3279","nb_sections":27},{"key":"1813-metallurgie-maubeuge","idcc":"1813","nom":"Métallurgie : Maubeuge","brochure":"-","nb_sections":7},{"key":"1821-cristal-verre-et-vitrail","idcc":"1821","nom":"Cristal, verre et vitrail","brochure":"3281","nb_sections":26},{"key":"1867-metallurgie-drome-et-ardeche","idcc":"1867","nom":"Métallurgie : Drôme et Ardèche","brochure":"-","nb_sections":6},{"key":"1875-veterinaires-personnel-salarie","idcc":"1875","nom":"Vétérinaires : personnel salarié","brochure":"3282","nb_sections":28},{"key":"1880-ameublement-negoce","idcc":"1880","nom":"Ameublement : négoce","brochure":"3056","nb_sections":28},{"key":"1885-metallurgie-cote-d-or","idcc":"1885","nom":"Métallurgie : Côte-d'Or","brochure":"-","nb_sections":5},{"key":"1902-metallurgie-maine-et-loire","idcc":"1902","nom":"Métallurgie : Maine-et-Loire","brochure":"-","nb_sections":6},{"key":"1909-tourisme-organismes","idcc":"1909","nom":"Tourisme : organismes","brochure":"3175","nb_sections":29},{"key":"1912-metallurgie-rhin-haut","idcc":"1912","nom":"Métallurgie : Rhin (Haut-)","brochure":"-","nb_sections":5},{"key":"1922-radiodiffusion","idcc":"1922","nom":"Radiodiffusion","brochure":"3285","nb_sections":15},{"key":"1923-manutention-portuaire-guadeloupe","idcc":"1923","nom":"Manutention portuaire : Guadeloupe","brochure":"-","nb_sections":22},{"key":"1930-grains-transformation","idcc":"1930","nom":"Grains : transformation","brochure":"3060","nb_sections":24},{"key":"1938-volailles-industries-de-la-transformation","idcc":"1938","nom":"Volailles : industries de la transformation","brochure":"3111","nb_sections":26},{"key":"1944-helicopteres-personnel-navigant-technique-des","idcc":"1944","nom":"Hélicoptères : personnel navigant technique des exploitants","brochure":"3288","nb_sections":20},{"key":"1951-expertises-en-automobiles","idcc":"1951","nom":"Expertises en automobiles","brochure":"3295","nb_sections":29},{"key":"1960-metallurgie-lot-et-garonne","idcc":"1960","nom":"Métallurgie : Lot-et-Garonne","brochure":"-","nb_sections":6},{"key":"1966-metallurgie-loiret","idcc":"1966","nom":"Métallurgie : Loiret","brochure":"-","nb_sections":13},{"key":"1967-metallurgie-rhin-bas","idcc":"1967","nom":"Métallurgie : Rhin (Bas-)","brochure":"-","nb_sections":6},{"key":"1970-commerces-de-detail-non-alimentaires-rhin-bas-et","idcc":"1970","nom":"Commerces de détail non alimentaires : Rhin (Bas- et Haut-)","brochure":"-","nb_sections":22},{"key":"1978-fleuristes-vente-et-services-des-animaux-familiers","idcc":"1978","nom":"Fleuristes, vente et services des animaux familiers","brochure":"3010","nb_sections":30},{"key":"1979-hotels-cafes-restaurants","idcc":"1979","nom":"Hôtels, cafés, restaurants","brochure":"3292","nb_sections":26},{"key":"1980-commissionnaires-en-douane-et-agents-auxiliaires","idcc":"1980","nom":"Commissionnaires en douane et agents auxiliaires : Martinique","brochure":"-","nb_sections":17},{"key":"1982-medico-techniques-negoce-et-prestations-de","idcc":"1982","nom":"Médico-techniques : négoce et prestations de services","brochure":"3286","nb_sections":23},{"key":"1987-pates-alimentaires","idcc":"1987","nom":"Pâtes alimentaires","brochure":"3294","nb_sections":23},{"key":"1996-pharmacie-d-officine","idcc":"1996","nom":"Pharmacie d'officine","brochure":"3052","nb_sections":29},{"key":"2002-blanchisserie-teinturerie-nettoyage","idcc":"2002","nom":"Blanchisserie, teinturerie, nettoyage","brochure":"3074","nb_sections":23},{"key":"2003-metallurgie-vosges","idcc":"2003","nom":"Métallurgie : Vosges","brochure":"-","nb_sections":8},{"key":"2021-golf","idcc":"2021","nom":"Golf","brochure":"3283","nb_sections":24},{"key":"2025-mines-guyane","idcc":"2025","nom":"Mines : Guyane","brochure":"-","nb_sections":12},{"key":"2046-cancer-centres-de-lutte","idcc":"2046","nom":"Cancer : centres de lutte","brochure":"3201","nb_sections":25},{"key":"2060-cafeterias","idcc":"2060","nom":"Cafétérias","brochure":"3297","nb_sections":21},{"key":"2070-developpement-economique-organismes","idcc":"2070","nom":"Développement économique : organismes","brochure":"-","nb_sections":9},{"key":"2089-bois-panneaux-a-base-de-bois","idcc":"2089","nom":"Bois : panneaux à base de bois","brochure":"3113","nb_sections":23},{"key":"2098-prestataires-de-services","idcc":"2098","nom":"Prestataires de services","brochure":"3301","nb_sections":31},{"key":"2104-thermalisme","idcc":"2104","nom":"Thermalisme","brochure":"3298","nb_sections":26},{"key":"2111-particulier-employeur-salaries","idcc":"2111","nom":"Particulier employeur : salariés","brochure":"3180","nb_sections":1},{"key":"2120-banques","idcc":"2120","nom":"Banques","brochure":"3161","nb_sections":27},{"key":"2121-edition","idcc":"2121","nom":"Édition","brochure":"3103","nb_sections":26},{"key":"2126-metallurgie-gard-et-lozere","idcc":"2126","nom":"Métallurgie : Gard et Lozère","brochure":"-","nb_sections":2},{"key":"2128-mutualite","idcc":"2128","nom":"Mutualité","brochure":"3300","nb_sections":24},{"key":"2147-eau-services-et-assainissement","idcc":"2147","nom":"Eau : services et assainissement","brochure":"3302","nb_sections":24},{"key":"2148-telecommunications","idcc":"2148","nom":"Télécommunications","brochure":"3303","nb_sections":30},{"key":"2149-dechets","idcc":"2149","nom":"Déchets","brochure":"3156","nb_sections":25},{"key":"2150-hlm-personnels-des-societes-anonymes-et-fondations","idcc":"2150","nom":"HLM : personnels des sociétés anonymes et fondations","brochure":"3190","nb_sections":20},{"key":"2156-magasins-grands-et-magasins-populaires","idcc":"2156","nom":"Magasins (grands) et magasins populaires","brochure":"3082","nb_sections":24},{"key":"2190-missions-locales-et-paio","idcc":"2190","nom":"Missions locales et PAIO","brochure":"3304","nb_sections":24},{"key":"2198-commerce-a-distance","idcc":"2198","nom":"Commerce à distance","brochure":"3333","nb_sections":23},{"key":"2205-notariat","idcc":"2205","nom":"Notariat","brochure":"3134","nb_sections":1},{"key":"2216-commerce-de-detail-et-de-gros-a-predominance","idcc":"2216","nom":"Commerce de détail et de gros à prédominance alimentaire","brochure":"3305","nb_sections":27},{"key":"2219-taxis","idcc":"2219","nom":"Taxis","brochure":"-","nb_sections":15},{"key":"2221-metallurgie-isere-et-hautes-alpes","idcc":"2221","nom":"Métallurgie : Isère et Hautes-Alpes","brochure":"-","nb_sections":12},{"key":"2230-surveillance-de-la-qualite-de-l-air-associations","idcc":"2230","nom":"Surveillance de la qualité de l'air : associations agréées","brochure":"3306","nb_sections":22},{"key":"2247-assurances-courtage","idcc":"2247","nom":"Assurances : courtage","brochure":"3110","nb_sections":23},{"key":"2257-casinos","idcc":"2257","nom":"Casinos","brochure":"3167","nb_sections":26},{"key":"2264-hospitalisation-privee-a-but-lucratif","idcc":"2264","nom":"Hospitalisation privée à but lucratif","brochure":"3307","nb_sections":30},{"key":"2266-metallurgie-mayenne","idcc":"2266","nom":"Métallurgie : Mayenne","brochure":"-","nb_sections":8},{"key":"2272-assainissement-et-maintenance-industrielle","idcc":"2272","nom":"Assainissement et maintenance industrielle","brochure":"3309","nb_sections":24},{"key":"2281-enseignement-prive-directeurs-primaire-catholique","idcc":"2281","nom":"Enseignement privé : directeurs (primaire catholique)","brochure":"-","nb_sections":16},{"key":"2294-metallurgie-aube","idcc":"2294","nom":"Métallurgie : Aube","brochure":"-","nb_sections":9},{"key":"2332-architecture-entreprises","idcc":"2332","nom":"Architecture : entreprises","brochure":"3062","nb_sections":1},{"key":"2335-assurances-agences-generales","idcc":"2335","nom":"Assurances : agences générales","brochure":"3115","nb_sections":24},{"key":"2336-habitat-et-logement-accompagnes","idcc":"2336","nom":"Habitat et logement accompagnés","brochure":"3014","nb_sections":29},{"key":"2344-siderurgie","idcc":"2344","nom":"Sidérurgie","brochure":"3315","nb_sections":9},{"key":"2345-transport-sanitaire-martinique","idcc":"2345","nom":"Transport sanitaire : Martinique","brochure":"-","nb_sections":22},{"key":"2357-assurances-cadres-de-direction-des-societes","idcc":"2357","nom":"Assurances : cadres de direction des sociétés","brochure":"3265","nb_sections":15},{"key":"2372-distribution-directe","idcc":"2372","nom":"Distribution directe","brochure":"3316","nb_sections":24},{"key":"2378-travail-temporaire-salaries-interimaires","idcc":"2378","nom":"Travail temporaire : salariés intérimaires","brochure":"3212","nb_sections":20},{"key":"2395-assistants-maternels","idcc":"2395","nom":"Assistants maternels","brochure":"3317","nb_sections":1},{"key":"2397-agences-de-mannequins","idcc":"2397","nom":"Agences de mannequins","brochure":"3318","nb_sections":1},{"key":"2411-chaines-thematiques","idcc":"2411","nom":"Chaînes thématiques","brochure":"3319","nb_sections":1},{"key":"2412-films-d-animation-production","idcc":"2412","nom":"Films d'animation : production","brochure":"-","nb_sections":2},{"key":"2489-metallurgie-vendee","idcc":"2489","nom":"Métallurgie : Vendée","brochure":"3325","nb_sections":4},{"key":"2494-cooperation-maritime","idcc":"2494","nom":"Coopération maritime","brochure":"3326","nb_sections":26},{"key":"2511-sport","idcc":"2511","nom":"Sport","brochure":"3328","nb_sections":1},{"key":"2528-maroquinerie-industries","idcc":"2528","nom":"Maroquinerie : industries","brochure":"3157","nb_sections":27},{"key":"2542-metallurgie-aisne","idcc":"2542","nom":"Métallurgie : Aisne","brochure":"3331","nb_sections":6},{"key":"2543-geometres-experts-topographes","idcc":"2543","nom":"Géomètres-experts, topographes","brochure":"3205","nb_sections":27},{"key":"2564-veterinaires-praticiens-salaries","idcc":"2564","nom":"Vétérinaires : praticiens salariés","brochure":"3332","nb_sections":28},{"key":"2579-metallurgie-loir-et-cher","idcc":"2579","nom":"Métallurgie : Loir-et-Cher","brochure":"3334","nb_sections":11},{"key":"2583-autoroutes","idcc":"2583","nom":"Autoroutes","brochure":"3336","nb_sections":23},{"key":"2596-coiffure","idcc":"2596","nom":"Coiffure","brochure":"3159","nb_sections":27},{"key":"2614-travaux-publics-etam","idcc":"2614","nom":"Travaux publics : ETAM","brochure":"3005","nb_sections":27},{"key":"2615-metallurgie-pyrenees-atlantiques-et-seignanx","idcc":"2615","nom":"Métallurgie : Pyrénées-Atlantiques et Seignanx","brochure":"3341","nb_sections":3},{"key":"2630-metallurgie-bouches-du-rhone","idcc":"2630","nom":"Métallurgie : Bouches-du-Rhône","brochure":"3344","nb_sections":7},{"key":"2642-audiovisuel-production","idcc":"2642","nom":"Audiovisuel : production","brochure":"3346","nb_sections":0},{"key":"2658-tourisme-guides-et-accompagnateurs-en-milieu","idcc":"2658","nom":"Tourisme : guides et accompagnateurs en milieu amazonien","brochure":"3347","nb_sections":20},{"key":"2666-acteurs-du-developpement-et-de-l-ingenierie","idcc":"2666","nom":"Acteurs du développement et de l'ingénierie territoriale d'intérêt général (ADITIG)","brochure":"3348","nb_sections":1},{"key":"2683-presse-portage","idcc":"2683","nom":"Presse : portage","brochure":"-","nb_sections":20},{"key":"2691-enseignement-prive-independant","idcc":"2691","nom":"Enseignement privé indépendant","brochure":"3351","nb_sections":29},{"key":"2697-chasse-personnels-des-structures-associatives","idcc":"2697","nom":"Chasse : personnels des structures associatives cynégétiques","brochure":"3327","nb_sections":28},{"key":"2700-metallurgie-oise","idcc":"2700","nom":"Métallurgie : Oise","brochure":"-","nb_sections":8},{"key":"2728-sucreries-sucreries-distilleries-raffineries-de","idcc":"2728","nom":"Sucreries, sucreries-distilleries, raffineries de sucre","brochure":"3026","nb_sections":28},{"key":"2755-metallurgie-belfort-montbeliard","idcc":"2755","nom":"Métallurgie : Belfort-Montbéliard","brochure":"-","nb_sections":8},{"key":"2931-marches-financiers","idcc":"2931","nom":"Marchés financiers","brochure":"3257","nb_sections":7},{"key":"2941-aide-a-domicile-accompagnement-soins-et-services","idcc":"2941","nom":"Aide à domicile : accompagnement, soins et services","brochure":"3381","nb_sections":4},{"key":"2972-navigation-entreprises-personnel-sedentaire","idcc":"2972","nom":"Navigation (entreprises) : personnel sédentaire","brochure":"3216","nb_sections":22},{"key":"2980-metallurgie-somme","idcc":"2980","nom":"Métallurgie : Somme","brochure":"3377","nb_sections":13},{"key":"2992-metallurgie-indre-et-loire","idcc":"2992","nom":"Métallurgie : Indre-et-Loire","brochure":"3378","nb_sections":10},{"key":"3013-librairie","idcc":"3013","nom":"Librairie","brochure":"3252","nb_sections":26},{"key":"3016-insertion-ateliers-et-chantiers","idcc":"3016","nom":"Insertion : ateliers et chantiers","brochure":"3379","nb_sections":23},{"key":"3017-ports-et-manutention","idcc":"3017","nom":"Ports et manutention","brochure":"3375","nb_sections":6},{"key":"3043-proprete","idcc":"3043","nom":"Propreté","brochure":"3173","nb_sections":27},{"key":"3053-metallurgie-saone-haute","idcc":"3053","nom":"Métallurgie : Saône (Haute-)","brochure":"3382","nb_sections":9},{"key":"3090-spectacle-vivant-secteur-prive","idcc":"3090","nom":"Spectacle vivant : secteur privé","brochure":"3372","nb_sections":26},{"key":"3105-regies-de-quartier","idcc":"3105","nom":"Régies de quartier","brochure":"3369","nb_sections":25},{"key":"3109-alimentation-industries-alimentaires-diverses-5","idcc":"3109","nom":"Alimentation : industries alimentaires diverses (5 branches)","brochure":"3384","nb_sections":25},{"key":"3123-ambulance-ouvriers-employes-et-techniciens-guyane","idcc":"3123","nom":"Ambulance (ouvriers, employés et techniciens): Guyane","brochure":"-","nb_sections":24},{"key":"3127-services-a-la-personne-entreprises","idcc":"3127","nom":"Services à la personne : entreprises","brochure":"3370","nb_sections":22},{"key":"3168-photographie","idcc":"3168","nom":"Photographie","brochure":"3150","nb_sections":27},{"key":"3203-peche-de-loisir-et-protection-du-milieu-aquatique","idcc":"3203","nom":"Pêche de loisir et protection du milieu aquatique : structures associatives","brochure":"-","nb_sections":30},{"key":"3205-cooperatives-de-consommation-salaries","idcc":"3205","nom":"Coopératives de consommation : salariés","brochure":"-","nb_sections":29},{"key":"3207-transports-sanitaires-guadeloupe-saint-barthelemy","idcc":"3207","nom":"Transports sanitaires : Guadeloupe, Saint-Barthélemy et Saint-Martin","brochure":"-","nb_sections":23},{"key":"3209-metallurgie-doubs","idcc":"3209","nom":"Métallurgie : Doubs","brochure":"-","nb_sections":8},{"key":"3210-banque-populaire","idcc":"3210","nom":"Banque populaire","brochure":"-","nb_sections":27},{"key":"3212-travaux-publics-cadres","idcc":"3212","nom":"Travaux publics : cadres","brochure":"3005","nb_sections":22},{"key":"3213-metreurs-verificateurs","idcc":"3213","nom":"Métreurs-vérificateurs","brochure":"3169","nb_sections":26},{"key":"3216-materiaux-de-construction-negoce","idcc":"3216","nom":"Matériaux de construction : négoce","brochure":"3154","nb_sections":29},{"key":"3217-transport-ferroviaire-et-activites-associees","idcc":"3217","nom":"Transport ferroviaire et activités associées","brochure":"-","nb_sections":3},{"key":"3218-enseignement-prive-non-lucratif","idcc":"3218","nom":"Enseignement privé non lucratif","brochure":"-","nb_sections":27},{"key":"3219-portage-salarial","idcc":"3219","nom":"Portage salarial","brochure":"-","nb_sections":16},{"key":"3220-habitat-social-organismes-publics-et-cooperatifs","idcc":"3220","nom":"Habitat social : organismes publics et coopératifs","brochure":"3385","nb_sections":22},{"key":"3221-presse-agences","idcc":"3221","nom":"Presse : agences","brochure":"-","nb_sections":22},{"key":"3222-menuiseries-charpentes-et-constructions","idcc":"3222","nom":"Menuiseries, charpentes et constructions industrialisées","brochure":"-","nb_sections":27},{"key":"3224-papiers-cartons-distribution-et-commerce-de-gros","idcc":"3224","nom":"Papiers-cartons : distribution et commerce de gros","brochure":"","nb_sections":26},{"key":"3225-presse-magazine-editeurs","idcc":"3225","nom":"Presse magazine : éditeurs","brochure":"-","nb_sections":21},{"key":"3229-navigation-interieure-entreprises-de-transport","idcc":"3229","nom":"Navigation intérieure : entreprises de transport","brochure":"-","nb_sections":7},{"key":"3230-presse-d-information-specialisee","idcc":"3230","nom":"Presse d'information spécialisée","brochure":"-","nb_sections":24},{"key":"3231-metallurgie-jura","idcc":"3231","nom":"Métallurgie : Jura","brochure":"-","nb_sections":8},{"key":"3233-ciments-industrie","idcc":"3233","nom":"Ciments : industrie","brochure":"-","nb_sections":25},{"key":"3236-nautiques-industrie-et-services","idcc":"3236","nom":"Nautiques : industrie et services","brochure":"3187","nb_sections":26},{"key":"3237-commerce-de-detail-alimentaire-specialise","idcc":"3237","nom":"Commerce de détail alimentaire spécialisé","brochure":"-","nb_sections":24},{"key":"3238-papiers-cartons-production-et-transformation","idcc":"3238","nom":"Papiers-cartons : production et transformation","brochure":"-","nb_sections":25},{"key":"3239-particuliers-employeurs-et-emploi-a-domicile","idcc":"3239","nom":"Particuliers employeurs et emploi à domicile","brochure":"-","nb_sections":27},{"key":"3241-telediffusion","idcc":"3241","nom":"Télédiffusion","brochure":"-","nb_sections":28},{"key":"3242-presse-quotidienne-et-hebdomadaire-en-regions","idcc":"3242","nom":"Presse quotidienne et hebdomadaire en régions","brochure":"-","nb_sections":24},{"key":"3243-quincaillerie-commerces","idcc":"3243","nom":"Quincaillerie : commerces","brochure":"-","nb_sections":27},{"key":"3244-professions-reglementees-aupres-des-juridictions","idcc":"3244","nom":"Professions réglementées auprès des juridictions","brochure":"-","nb_sections":24},{"key":"3245-voyages-operateurs-et-guides","idcc":"3245","nom":"Voyages : opérateurs et guides","brochure":"-","nb_sections":26},{"key":"3248-metallurgie-convention-collective-nationale","idcc":"3248","nom":"Métallurgie (convention collective nationale)","brochure":"-","nb_sections":31},{"key":"3249-carrieres-et-materiaux-industries","idcc":"3249","nom":"Carrières et matériaux : industries","brochure":"-","nb_sections":29},{"key":"3250-commissaires-de-justice-et-societes-de-ventes","idcc":"3250","nom":"Commissaires de justice et sociétés de ventes volontaires","brochure":"-","nb_sections":27},{"key":"3251-bijouterie-joaillerie-orfevrerie-horlogerie","idcc":"3251","nom":"Bijouterie, joaillerie, orfèvrerie, horlogerie","brochure":"-","nb_sections":29},{"key":"3252-creation-et-evenement-entreprises","idcc":"3252","nom":"Création et événement : entreprises","brochure":"-","nb_sections":32},{"key":"3253-avocats-salaries-des-cabinets","idcc":"3253","nom":"Avocats : salariés des cabinets","brochure":"-","nb_sections":28},{"key":"3254-boucherie-poissonnerie","idcc":"3254","nom":"Boucherie Poissonnerie","brochure":"-","nb_sections":27},{"key":"3255-boulangerie-patisserie-industrielle-et-oeufs","idcc":"3255","nom":"Boulangerie-pâtisserie industrielle et oeufs","brochure":"-","nb_sections":28},{"key":"5507-football-personnels-administratifs-et-assimiles","idcc":"5507","nom":"Football : personnels administratifs et assimilés","brochure":"-","nb_sections":21},{"key":"7001-betail-et-viandes","idcc":"7001","nom":"Bétail et viandes","brochure":"3612","nb_sections":27},{"key":"7002-cereales-meunerie-approvisionnement-alimentation","idcc":"7002","nom":"Céréales, meunerie, approvisionnement, alimentation (bétail), oléagineux","brochure":"3616","nb_sections":29},{"key":"7003-conserveries-cooperatives-et-sica","idcc":"7003","nom":"Conserveries : coopératives et SICA","brochure":"3607","nb_sections":25},{"key":"7004-lait-cooperatives-agricoles-et-sica","idcc":"7004","nom":"Lait : coopératives agricoles et SICA","brochure":"3608","nb_sections":27},{"key":"7005-vins-caves-cooperatives-vinicoles-et-leurs-unions","idcc":"7005","nom":"Vins : caves coopératives vinicoles et leurs unions","brochure":"3604","nb_sections":29},{"key":"7006-fleurs-fruits-et-legumes-cooperatives-agricoles","idcc":"7006","nom":"Fleurs, fruits et légumes : coopératives agricoles et SICA","brochure":"3614","nb_sections":21},{"key":"7007-lin-teillage-cooperatives-agricoles-et-sica","idcc":"7007","nom":"Lin : teillage (coopératives agricoles et SICA)","brochure":"-","nb_sections":27},{"key":"7009-accouvage","idcc":"7009","nom":"Accouvage","brochure":"3606","nb_sections":1},{"key":"7010-aquaculture","idcc":"7010","nom":"Aquaculture","brochure":"3609","nb_sections":26},{"key":"7017-zoos","idcc":"7017","nom":"Zoos","brochure":"3613","nb_sections":25},{"key":"7018-paysage-entreprises","idcc":"7018","nom":"Paysage : entreprises","brochure":"3617","nb_sections":28},{"key":"7019-conchyliculture","idcc":"7019","nom":"Conchyliculture","brochure":"-","nb_sections":27},{"key":"7020-associations-de-gestion-et-de-comptabilite-reseau","idcc":"7020","nom":"Associations de gestion et de comptabilité : réseau CERFRANCE","brochure":"-","nb_sections":19},{"key":"7023-deshydratation-entreprises-agricoles","idcc":"7023","nom":"Déshydratation : entreprises agricoles","brochure":"-","nb_sections":25},{"key":"7024-agriculture-production-agricole-et-cuma","idcc":"7024","nom":"Agriculture : production agricole et CUMA","brochure":"-","nb_sections":27},{"key":"7025-agriculture-travaux-et-services-agricoles-ruraux","idcc":"7025","nom":"Agriculture : travaux et services agricoles, ruraux et forestiers","brochure":"-","nb_sections":25},{"key":"7026-activites-hippiques","idcc":"7026","nom":"Activités hippiques","brochure":"-","nb_sections":31},{"key":"7027-conseil-et-service-en-elevage","idcc":"7027","nom":"Conseil et service en élevage","brochure":"-","nb_sections":27},{"key":"7501-credit-agricole","idcc":"7501","nom":"Crédit agricole","brochure":"-","nb_sections":26},{"key":"7503-distilleries-viticoles-cooperatives-et-unions-et","idcc":"7503","nom":"Distilleries viticoles (coopératives et unions) et distillation (SICA)","brochure":"-","nb_sections":28},{"key":"7508-maisons-familiales-rurales","idcc":"7508","nom":"Maisons familiales rurales","brochure":"-","nb_sections":4},{"key":"--agriculture-accords-nationaux","idcc":"-","nom":"Agriculture : accords nationaux","brochure":"-","nb_sections":13},{"key":"--enseignement-prive-accords-de-branche-du-secteur","idcc":"-","nom":"Enseignement privé : accords de branche du secteur","brochure":"-","nb_sections":13},{"key":"--intermittents-du-spectacle-accords-de-branche-du","idcc":"-","nom":"Intermittents du spectacle : accords de branche du secteur","brochure":"-","nb_sections":17},{"key":"--presse-quotidienne-regionale-vendeur","idcc":"-","nom":"Presse quotidienne régionale : vendeur administratif salarié portage (VASP)","brochure":"3140","nb_sections":3},{"key":"--sanitaire-social-et-medico-social-a-but-non","idcc":"-","nom":"Sanitaire, social et médico-social à but non lucratif : accords de branche du secteur","brochure":"-","nb_sections":3},{"key":"--spectacle-vivant-public-et-prive-accords","idcc":"-","nom":"Spectacle vivant public et privé : accords interbranches","brochure":"-","nb_sections":1},{"key":"-7520-enseignement-prive-agricole","idcc":"-7520","nom":"Enseignement privé agricole","brochure":"-","nb_sections":25},{"key":"Le-arts-metiers-d-arts-et-design","idcc":"Le","nom":"Arts, métiers d'arts et design","brochure":"-","nb_sections":14},{"key":"administrateurs-et-mandataires-judiciaires","idcc":"","nom":"Administrateurs et mandataires judiciaires : personnel","brochure":"","nb_sections":0},{"key":"alimentation-industries-agroalimentaires-accords","idcc":"","nom":"Alimentation : industries agroalimentaires (accords nationaux)","brochure":"","nb_sections":17},{"key":"associations-de-gestion-et-de-comptabilite","idcc":"","nom":"Associations de gestion et de comptabilité","brochure":"","nb_sections":1},{"key":"avocats-au-conseil-d-etat-et-a-la-cour-de","idcc":"","nom":"Avocats au Conseil d'État et à la Cour de cassation : personnel salarié","brochure":"","nb_sections":1},{"key":"bois-d-oeuvre-et-produits-derives","idcc":"","nom":"Bois d'oeuvre et produits dérivés","brochure":"","nb_sections":0},{"key":"boucherie-boucherie-charcuterie-boucherie","idcc":"","nom":"Boucherie, boucherie-charcuterie, boucherie hippophagique","brochure":"","nb_sections":1},{"key":"boulangerie-patisserie-guyane","idcc":"","nom":"Boulangerie pâtisserie : Guyane","brochure":"","nb_sections":21},{"key":"boulangerie-patisserie-martinique","idcc":"","nom":"Boulangerie-pâtisserie : Martinique","brochure":"","nb_sections":16},{"key":"boulangerie-patisserie-industrielle","idcc":"","nom":"Boulangerie-pâtisserie industrielle","brochure":"","nb_sections":1},{"key":"batiment-etam","idcc":"","nom":"Bâtiment : ETAM","brochure":"","nb_sections":24},{"key":"batiment-cadres","idcc":"","nom":"Bâtiment : cadres","brochure":"","nb_sections":24},{"key":"batiment-ouvriers","idcc":"","nom":"Bâtiment : ouvriers","brochure":"","nb_sections":11},{"key":"batiment-et-travaux-publics-guadeloupe","idcc":"","nom":"Bâtiment et travaux publics : Guadeloupe","brochure":"","nb_sections":27},{"key":"batiment-et-travaux-publics-guyane","idcc":"","nom":"Bâtiment et travaux publics : Guyane","brochure":"","nb_sections":26},{"key":"batiment-et-travaux-publics-la-reunion","idcc":"","nom":"Bâtiment et travaux publics : La Réunion","brochure":"","nb_sections":28},{"key":"batiment-et-travaux-publics-martinique","idcc":"","nom":"Bâtiment et travaux publics : Martinique","brochure":"","nb_sections":25},{"key":"centres-d-entrainement-chevaux-de-courses-au-trot","idcc":"","nom":"Centres d'entraînement : chevaux de courses au trot","brochure":"","nb_sections":1},{"key":"centres-equestres","idcc":"","nom":"Centres équestres","brochure":"","nb_sections":1},{"key":"chaux-industries","idcc":"","nom":"Chaux : industries","brochure":"","nb_sections":1},{"key":"chemiserie-sur-mesure","idcc":"","nom":"Chemiserie sur mesure","brochure":"","nb_sections":0},{"key":"cinema-distribution-des-films","idcc":"","nom":"Cinéma : distribution des films","brochure":"","nb_sections":27},{"key":"cinema-exploitation-services-generaux-et","idcc":"","nom":"Cinéma : exploitation (services généraux et administratifs)","brochure":"","nb_sections":26},{"key":"cinema-production-cinematographique","idcc":"","nom":"Cinéma : production cinématographique","brochure":"","nb_sections":3},{"key":"commerces-de-detail-non-alimentaires-pyrenees","idcc":"","nom":"Commerces de détail non alimentaires : Pyrénées (Hautes-)","brochure":"","nb_sections":23},{"key":"commerces-de-gros-et-de-detail-alimentaires-et","idcc":"","nom":"Commerces de gros et de détail alimentaires et non alimentaires : Sarthe","brochure":"","nb_sections":28},{"key":"commissaires-priseurs-judiciaires-et-societes-de","idcc":"","nom":"Commissaires-priseurs judiciaires et sociétés de ventes volontaires","brochure":"","nb_sections":1},{"key":"confiserie-chocolaterie-biscuiterie-commerce-de","idcc":"","nom":"Confiserie, chocolaterie, biscuiterie : commerce de gros","brochure":"","nb_sections":1},{"key":"creation-et-evenement-entreprises-techniques","idcc":"","nom":"Création et événement : entreprises techniques","brochure":"","nb_sections":1},{"key":"cuisine-a-usage-domestique-magasins-prestataires","idcc":"","nom":"Cuisine à usage domestique : magasins prestataires de services","brochure":"","nb_sections":1},{"key":"ceramique-d-art","idcc":"","nom":"Céramique d'art","brochure":"","nb_sections":0},{"key":"dentaires-negoce-en-fournitures","idcc":"","nom":"Dentaires : négoce en fournitures","brochure":"","nb_sections":1},{"key":"diagnostic-technique-du-bati","idcc":"","nom":"Diagnostic technique du bâti","brochure":"","nb_sections":5},{"key":"enseignement-prive-formateurs-des-cfa-et-des-cfc","idcc":"","nom":"Enseignement privé : formateurs des CFA et des CFC et maîtres professionnels des écoles de production","brochure":"","nb_sections":0},{"key":"enseignement-prive-maitres-primaire-catholique","idcc":"","nom":"Enseignement privé : maîtres (primaire catholique)","brochure":"","nb_sections":1},{"key":"enseignement-prive-maitres-primaire","idcc":"","nom":"Enseignement privé : maîtres (primaire)","brochure":"","nb_sections":1},{"key":"enseignement-prive-professeurs-du-secondaire","idcc":"","nom":"Enseignement privé : professeurs du secondaire","brochure":"","nb_sections":1},{"key":"enseignement-prive-psychologues","idcc":"","nom":"Enseignement privé : psychologues","brochure":"","nb_sections":1},{"key":"enseignement-prive-salaries-des-etablissements","idcc":"","nom":"Enseignement privé : salariés des établissements privés","brochure":"","nb_sections":1},{"key":"enseignement-prive-services-administratifs","idcc":"","nom":"Enseignement privé : services administratifs, personnel d'éducation et documentalistes","brochure":"","nb_sections":1},{"key":"enseignement-prive-agricole-personnels-de-la-vie","idcc":"","nom":"Enseignement privé agricole : personnels de la vie scolaire","brochure":"","nb_sections":25},{"key":"enseignement-prive-technique-hors-contrat","idcc":"","nom":"Enseignement privé technique hors contrat","brochure":"","nb_sections":1},{"key":"enseignement-prive-a-distance","idcc":"","nom":"Enseignement privé à distance","brochure":"","nb_sections":1},{"key":"enseignement-superieur-prive","idcc":"","nom":"Enseignement supérieur privé","brochure":"","nb_sections":0},{"key":"fourrure","idcc":"","nom":"Fourrure","brochure":"","nb_sections":0},{"key":"foyers-de-jeunes-travailleurs","idcc":"","nom":"Foyers de jeunes travailleurs","brochure":"","nb_sections":1},{"key":"greffiers-des-tribunaux-de-commerce-personnel","idcc":"","nom":"Greffiers des tribunaux de commerce : personnel","brochure":"","nb_sections":0},{"key":"hlm-personnels-des-societes-cooperatives","idcc":"","nom":"HLM : personnels des sociétés coopératives","brochure":"","nb_sections":1},{"key":"habitat-personnels-pact-et-arim","idcc":"","nom":"Habitat : personnels PACT et ARIM","brochure":"","nb_sections":1},{"key":"habitat-social-organisations-professionnelles","idcc":"","nom":"Habitat social : organisations professionnelles","brochure":"","nb_sections":0},{"key":"horlogerie-commerces-de-gros","idcc":"","nom":"Horlogerie : commerces de gros","brochure":"","nb_sections":0},{"key":"huissiers-de-justice-personnel","idcc":"","nom":"Huissiers de justice : personnel","brochure":"","nb_sections":1},{"key":"hotels-cafes-restaurants-saint-pierre-et-miquelon","idcc":"","nom":"Hôtels, cafés, restaurants : Saint-Pierre-et-Miquelon","brochure":"","nb_sections":19},{"key":"lait-organismes-de-controle","idcc":"","nom":"Lait : organismes de contrôle","brochure":"","nb_sections":1},{"key":"machines-a-coudre-commerce","idcc":"","nom":"Machines à coudre : commerce","brochure":"","nb_sections":1},{"key":"mode-et-chapellerie","idcc":"","nom":"Mode et chapellerie","brochure":"","nb_sections":1},{"key":"musique-edition","idcc":"","nom":"Musique : édition","brochure":"","nb_sections":1},{"key":"metallurgie-accords-nationaux-ouvriers-etam","idcc":"","nom":"Métallurgie (accords nationaux : ouvriers, ETAM, ingénieurs et cadres)","brochure":"","nb_sections":17},{"key":"metallurgie-champ-d-application","idcc":"","nom":"Métallurgie (champ d'application)","brochure":"","nb_sections":1},{"key":"metallurgie-ingenieurs-et-cadres","idcc":"","nom":"Métallurgie (ingénieurs et cadres)","brochure":"","nb_sections":8},{"key":"oeufs-et-industries-en-produits-d-oeufs","idcc":"","nom":"Oeufs et industries en produits d'oeufs","brochure":"","nb_sections":1},{"key":"papeterie-fournitures-de-bureau-commerces-de","idcc":"","nom":"Papeterie, fournitures de bureau : commerces de détail","brochure":"","nb_sections":1},{"key":"pharmacie-d-officine-la-reunion","idcc":"","nom":"Pharmacie d'officine : la Réunion","brochure":"","nb_sections":3},{"key":"reprographie","idcc":"","nom":"Reprographie","brochure":"","nb_sections":1},{"key":"selection-et-reproduction-animale-entreprises","idcc":"","nom":"Sélection et reproduction animale : entreprises","brochure":"","nb_sections":1},{"key":"tailleurs-sur-mesure-region-parisienne","idcc":"","nom":"Tailleurs sur mesure : région parisienne","brochure":"","nb_sections":1},{"key":"textiles-artificiels-et-synthetiques-et-produits","idcc":"","nom":"Textiles artificiels et synthétiques et produits assimilés","brochure":"","nb_sections":1},{"key":"thermiques-equipements","idcc":"","nom":"Thermiques : équipements","brochure":"","nb_sections":5},{"key":"tissus-tapis-et-linge-de-maison-commerce-de-gros","idcc":"","nom":"Tissus, tapis et linge de maison : commerce de gros","brochure":"","nb_sections":1},{"key":"tourisme-agences-de-voyages-et-de-tourisme","idcc":"","nom":"Tourisme : agences de voyages et de tourisme","brochure":"","nb_sections":1},{"key":"tourisme-guides-accompagnateurs","idcc":"","nom":"Tourisme : guides accompagnateurs","brochure":"","nb_sections":0},{"key":"tourisme-guides-interpretes","idcc":"","nom":"Tourisme : guides interprètes","brochure":"","nb_sections":1},{"key":"tourisme-social-et-familial","idcc":"","nom":"Tourisme social et familial","brochure":"","nb_sections":4},{"key":"vente-a-distance","idcc":"","nom":"Vente à distance","brochure":"","nb_sections":1},{"key":"verre-fabrication-a-la-main-semi-automatique-et","idcc":"","nom":"Verre : fabrication à la main, semi-automatique et mixte","brochure":"","nb_sections":26},{"key":"verre-metiers","idcc":"","nom":"Verre : métiers","brochure":"","nb_sections":1},{"key":"verrerie-au-chalumeau-travail-mecanique","idcc":"","nom":"Verrerie au chalumeau : travail mécanique","brochure":"","nb_sections":1},{"key":"vitrail","idcc":"","nom":"Vitrail","brochure":"","nb_sections":1},{"key":"voyageurs-representants-placiers-vrp","idcc":"","nom":"Voyageurs, représentants, placiers (VRP)","brochure":"","nb_sections":3},{"key":"edition-phonographique","idcc":"","nom":"Édition phonographique","brochure":"","nb_sections":1}]